<?xml version="1.0" encoding="iso-8859-1"?>
<!DOCTYPE article
  PUBLIC "-//OASIS//DTD DocBook XML V4.2//EN" "file:/c:/docbook/dtd/docbookx.dtd"
  [
    <!ENTITY % global.entities SYSTEM "file:/c:/docbook/include/global.xml">
    %global.entities;
    <!ENTITY % entities SYSTEM "entities.xml">
    %entities;
  ]
>
<article>
  <articleinfo><title>Building Tests for the ZEOS Library</title>
    <author>
      <firstname>Michael</firstname>
      <surname>Seeger</surname>
      <email>miseeger*at*users*dot*sourceforge*dot*net</email>
    </author>
  <date>2005-06-10</date>
  <abstract>
  <para>
  This document describes how to set up the ZEOS Build &amp; Test environment
  and shows how to compile gui and console based test applications to test
  the ZEOSLib code. It also describes the setup that has to be made for
  testing the library with various databases.
  </para>
  </abstract>
  
  </articleinfo>
  <section id="BTReqirements"><title>Requirements to build ZEOSLib tests</title>
  <para>
  In order to run the tests for the ZEOSLib you have to be sure that you have
  insalled the following software on your system:
  </para>
  <itemizedlist>
  <listitem>
  <para>Delphi Compiler / IDE (min. professional versions 5, 6, 7 or 2005)</para>
  </listitem>
  <listitem>
  <para>DUnit Xtreme testing framework for Delphi  [<ulink url="http://dunit.sourceforge.net">
  Homepage</ulink> | <ulink url="https://sourceforge.net/projects/dunit">
  Download Page</ulink>]
  </para>
  </listitem>
  <listitem>
  <para>Java Runtime Environment or SDK (Version 1.4.2)  [<ulink url="http://java.sun.com">Homepage</ulink> |
  <ulink url="http://java.sun.com/j2se/1.4.2/download.htm">Download Page</ulink>]
  </para>
  </listitem>
  <listitem>
  <para>Jakarta Ant  [<ulink url="http://ant.apache.org">Download Page</ulink> |
  <ulink url="http://ant.apache.org/bindownload.cgi">Download Page</ulink>]
  </para>
  </listitem>
  <listitem>
  <para>The supported SQL Servers you want to test with</para>
  </listitem>
  </itemizedlist>
  <para>
  Make sure that the environment variable JAVA_HOME is set to the directory
  where you installed the Java Runtine or SDK (e. g. JAVA_HOME = c:\java\j2sdk1.4.2_06).
  </para>
  <para>
  Also set the environment variable ANT_HOME to the directory where you installed
  Jakarta ANT (e. g. ANT_HOME = C:\Programs\ANT).
  </para>
  
  </section>
  <section id="BTConfig"><title>Build &amp; Test Configuration</title>
  <para>
  Before you are able to start compiling the ZEOS test applications you have to
  configure the compiler environment. All settings for compiling building and
  testing are stored in a file called build.properties. To get this file just
  copy the build_template.properties file in build directory and name it
  build.properties. The build.properties file has four sections that are important
  for compiling the test applications: "common" and "compilers". There is another
  section that determines which tests will be executed by calling test.cmd batchfile.
  This section is not important for compiling tests but it will also be documented.
  </para>
  <para>
  In a Windows environment it is recommended that you use double backslash as
  directory  separator. "Normal" slash will work but causes some problems in a
  Delphi 9 environment. In a Unix / Linux environment it is recommended use
  the "normal" slash as direcrory separator.
  </para>
  
  <section id="BTConfigCommon"><title>Common Section</title>
  <para>
  The first section is the common-section it contains common informations for
  building the test applications:
  </para>
  <programlisting>
  [common]
  project.home=d:/workshop/zeosdbo_rework <co id="ph"/>
  release.version =6.5.2-beta  <co id="rv"/>
  copy.verbose=false <co id="cv"/>
  dunit.dir=d:/programme/borland/delphi7/dunit/src <co id="dd"/>
  kunit.dir= <co id="kd"/>
  </programlisting>
  <calloutlist>
  <callout arearefs="ph">
  <para>The project directory</para>
  </callout>
  <callout arearefs="rv">
  <para>The version number of the ZEOSLib (put into version file).</para>
  </callout>
  <callout arearefs="cv">
  <para>Determines whether copy operations shall displayed on screen.</para>
  </callout>
  <callout arearefs="dd">
  <para>The source directory of DUnit.</para>
  </callout>
  <callout arearefs="kd">
  <para>The source directory of DUnit (for Kylix).</para>
  </callout>
  </calloutlist>
  
  </section>
  <section id="BTConfigCompilers"><title>Compiler Section</title>
  <para>
  The second section is the compiler-section it contains informations about the
  active compilers to use for building the test applications. Each supported
  compiler has its own "section". It describes wether the compiler (prefix of
  the key (e. g. "delphi5")) is active and determines the installation directory
  of the compiler.
  </para>
  <programlisting>
  [compilers]
  delphi5.active=false <co id="da"/>
  delphi5.home=C:/Program Files/Borland/Delphi5 <co id="dh"/>
  :
  delphi9.active=true
  delphi9.home=d:\\programme\\borland\\bds\\3.0
  delphi9.bpl.dir=c:\\dokumente und einstellungen\\user\\eigene dateien\\borland studio-projekte\\bpl <co id="bd"/>
  :
  kylix3.active=false <co id="ks"/>
  kylix3.home=/opt/kylix3
  </programlisting>
  <calloutlist>
  <callout arearefs="da">
  <para>"true" if the compiler is installed (active), "false" if not.
  </para>
  </callout>
  <callout arearefs="dh">
  <para>The installation path of the compiler (here: Delphi 5).</para>
  </callout>
  <callout arearefs="bd">
  <para>Special for Delhi 9: you have to specify your BPL-dir because in Delphi 9
  the standardized ...\projects\bpl doesn't exist anymore (here: german
  Delphi / WinXP example).
  </para>
  </callout>
  <callout arearefs="ks">
  <para>Kylix 3 settings for compilation (Kylix 3 is not installed this is why
  kylix3.active=false)
  </para>
  </callout>
  </calloutlist>
  
  </section>
  <section id="BTConfigTests"><title>Tests Section</title>
  <para>
  This section is necessary to determine which tests will be run when executing
  the test.cmd batchfile (only makes sense when compiling the test applications
  as console applications).
  </para>
  <programlisting>
  [tests]
  test.core=true <co id="tc"/>
  test.parsesql=true <co id="tp"/>
  test.dbc=true <co id="td"/>
  test.component=true <co id="tco"/>
  test.bugreport=true <co id="tb"/>
  test.performance=false <co id="tperf"/>
  </programlisting>
  <calloutlist>
  <callout arearefs="tc">
  <para>Execute core tests if set to "true".</para>
  </callout>
  <callout arearefs="tp">
  <para>Execute parsing tests if set to "true".</para>
  </callout>
  <callout arearefs="td">
  <para>Execute connectivity tests if set to "true".</para>
  </callout>
  <callout arearefs="tco">
  <para>Execute component tests if set to "true".</para>
  </callout>
  <callout arearefs="tb">
  <para>Execute bug tests if set to "true".</para>
  </callout>
  <callout arearefs="tperf">
  <para>Execute performance tests if set to "true".</para>
  </callout>
  </calloutlist>
  
  </section>
  </section>
  <section id="DBConfig"><title>Database Configuration</title>
  <para>
  It is possible to run the ZEOS tests for a number of SQL servers that are
  currently running on the test machine. Therefor the Build and Test Environment
  has to be configured.
  </para>
  <para>
  Setting up the database parameters is done in the test.properites file that is
  located in the "database" direcory. To get this file just copy the
  test_template.properties file and rename it to test.properties and then make
  your settings.
  </para>
  <para>
  At the moment we do not execute performance tests so only the common section
  and the database sections are of importance for testing the ZEOS Library.
  </para>
  
  <section id="DBConfigCommon"><title>Common Section</title>
  <para>
  The first section is the common-section it contains common informations about
  the databases to test by test applications:
  </para>
  <programlisting>
  [common]
  common.connections=sqlite28,firebird15 <co id="cc"/>
  </programlisting>
  <calloutlist>
  <callout arearefs="tc">
  <para>
  This key holds the active servernames of the SQL servers that will be
  tested in the test applications. Corresponding to the servers given here
  there has to exist a "database section" with the same name that determines
  the database settings for testing. The server names for this key have to
  be seperated by comma.
  </para>
  </callout>
  </calloutlist>
  
  </section>
  <section id="DBDatabaseConfig"><title>Database Settings</title>
  <para>
  Corresponding to the active servers listed in the common.connections key (here:
  SQLite 2.8 and Firebird 1.5.x) there are configuration sections that contain the
  settings for running tests with the given database. Each section consists of the
  same keys so we will take the Firebird 1.5 database configuration to explain
  them:
  </para>
  <programlisting>
  [firebird15]
  firebird15.protocol=firebird-1.5 <co id="fbp"/>
  firebird15.alias=firebird_zeoslib <co id="fba"/>
  firebird15.host=localhost <co id="fbh"/>
  firebird15.port= <co id="fbport"/>
  firebird15.database=d:\SQLServerFarm\Firebird\15\Data\zeoslib.fdb <co id="fbdb"/>
  firebird15.user=SYSDBA <co id="fbu"/>
  firebird15.password=masterkey <co id="fbpw"/>
  firebird15.rebuild=yes <co id="fbr"/>
  firebird15.delimiter.type=SetTerm <co id="fbdt"/>
  firebird15.delimiter=; <co id="fbdel"/>
  firebird15.create.scripts=create_interbase.sql,populate_any.sql,populate_interbase.sql,create_interbase_bugreport.sql <co id="fbcdbo"/>
  firebird15.drop.scripts=drop_interbase.sql,drop_interbase_bugreport.sql <co id="fbddbo"/>
  </programlisting>
  <calloutlist>
  <callout arearefs="fbp">
  <para>DBC protocol name</para>
  </callout>
  <callout arearefs="fba">
  <para>BDE alias for performance tests</para>
  </callout>
  <callout arearefs="fbh">
  <para>Host name</para>
  </callout>
  <callout arearefs="fbport">
  <para>Port number</para>
  </callout>
  <callout arearefs="fbdb">
  <para>Database name</para>
  </callout>
  <callout arearefs="fbu">
  <para>User name</para>
  </callout>
  <callout arearefs="fbpw">
  <para>User password</para>
  </callout>
  <callout arearefs="fbpw">
  <para>User password</para>
  </callout>
  <callout arearefs="fbpw">
  <para>Flag to rebuild database before each test</para>
  </callout>
  <callout arearefs="fbdt">
  <para>SQL delimiter type in SQL scripts (Default, Go, SetTerm or EmptyLine)</para>
  </callout>
  <callout arearefs="fbdel">
  <para>SQL delimiter string</para>
  </callout>
  <callout arearefs="fbcdbo">
  <para>SQL scripts to create database objects. All scripts have to be placed in
  the "database" directory (where the test.properties file is located).
  </para>
  </callout>
  <callout arearefs="fbddbo">
  <para>SQL scripts to drop database objects. All scripts have to be placed in
  the "database" directory (where the test.properties file is located).
  </para>
  </callout>
  </calloutlist>
  <para>
  Due to techniques used in the ZEOS Testframework classes it is necessary to set
  a prefix in front of the key that is identical to the section name followed by
  a dot. E. g.: firebird15.password - where "firebird15" is the repeated name of the
  section (see above).
  </para>
  
  </section>
  </section>
  <section id="Compiling"><title>Compiling Tests</title>
  <para>
  When all the required Software is installed and you made the configurations
  that are necessary for your test environment you are ready to start compiling
  the test applications. This is easyly done by calling the batch script
  "compiletests.cmd" from commandline in "build" directory. When all applications
  are successfully compiled you are able to test ZEOSLib funcionality.
  </para>
  <para>
  ZEOS BTE splits the tests into seven parts (separate applications):
  <itemizedlist>
  <listitem>
  <para>Bug Report Tests (ZTestBugReport.EXE)</para>
  </listitem>
  <listitem>
  <para>Component Tests (ZTestComponentAll.EXE)</para>
  </listitem>
  <listitem>
  <para>Core Tests (ZTestCoreAll.EXE)</para>
  </listitem>
  <listitem>
  <para>Database Connectivity (DBC) Tests (ZTestDbcAll.EXE)</para>
  </listitem>
  <listitem>
  <para>SQL Parser Tests (ZTestParseSqlAll.EXE)</para>
  </listitem>
  <listitem>
  <para>Performance Tests - currently not executed - (ZTestPerformance.EXE)</para>
  </listitem>
  </itemizedlist>
  </para>
  <para>
  The applications listed above are compiled into the build directory of the
  corresponding package (e. g.: ...\packages\delphi7\build). Normally the applications
  are compiled to execute as console applications but if you want to run them
  as GUI applications just remove the comment from "{$DEFINE TESTGUI}" in the
  ZEOS.INC file. If you now call one of the test applications they are executed in
  a GUI. If you want to create console test applications you just have to comment
  the "{$DEFINE TESTGUI}" again (in ZEOS.INC).
  </para>
  
  </section>
  <section id="Running"><title>Running Tests</title>
  <para>
  As written in section "Compiling Tests", it is possible to execute special
  tests (e. g. only Bug Report Tests) by calling the EXE-file explicitly. Depending
  on the settings you will start one console application or one GUI application.
  You also may run all tests by running them sequentially via batch script (consider
  to compile all the tests as a console application!)
  </para>
  <para>
  Before you run tests make sure that all the database servers you want to test are
  up and running!</para>
  <para>
  To do run all tests (that are defined to run in section "tests" of the build.properties
  file), automatically, just type "test" from a commandline in "build" directory. The
  test result is output to screen and into a log file located in the "build"
  subdirectory "logs". The logfile is called "test-YYYYMMDD.log"  where "YYYYMMDD"
  is the current date.
  </para>
  
  </section>
</article>
