<?xml version="1.0" encoding="iso-8859-1"?>
<DelphiCodeToDoc_Project>
  <TechnicalLevel>5</TechnicalLevel>
  <ClassName>TDOCOptions</ClassName>
  <TDOCOptions>
    <BoolsAsChecks>TRUE</BoolsAsChecks>
    <LaunchBrowser>TRUE</LaunchBrowser>
    <Name>Zeoslib</Name>
    <Title>Insert your project&apos;s title here</Title>
    <Summary>A set of Delphi/Fpc multiprotocol database connectivity components</Summary>
    <Description>
      <Count>0</Count>
    </Description>
    <Author>Zeoslib Development Team</Author>
    <HTMLlink>http://dephicodetodoc.sf.net (Replace by your webpage for example)</HTMLlink>
    <Copyright>&lt;A href=&quot;http://zeos.firmos.at/portal.php&quot;&gt;Zeoslib&lt;/A&gt;</Copyright>
    <RecurseDirectory>TRUE</RecurseDirectory>
    <ConditionalDefines>
      <Count>3</Count>
      <Item0>MSWINDOWS</Item0>
      <Item1>WIN32</Item1>
      <Item2>DELPHI5_UP</Item2>
    </ConditionalDefines>
    <ParseImplementationSection>TRUE</ParseImplementationSection>
    <CustomHeader>UNDER CONSTRUCTION</CustomHeader>
    <CustomFooter>UNDER CONSTRUCTION</CustomFooter>
    <Language>lEnglish</Language>
    <OutputFormat>ofCHM</OutputFormat>
    <OutputFolder>..\doc\ZeosDelphiCode2Doc</OutputFolder>
    <VisibilitySet>
      <mvPrivate>FALSE</mvPrivate>
      <mvProtected>TRUE</mvProtected>
      <mvPublic>TRUE</mvPublic>
      <mvPublished>TRUE</mvPublished>
      <mvAutomated>TRUE</mvAutomated>
    </VisibilitySet>
    <TagCommentSet>
      <tcINLINE>TRUE</tcINLINE>
      <tcJAVADOC>TRUE</tcJAVADOC>
      <tcJEDI>FALSE</tcJEDI>
      <tcXMLDoc>FALSE</tcXMLDoc>
    </TagCommentSet>
    <AlphaSort>TRUE</AlphaSort>
    <WarnEmptyTAG>FALSE</WarnEmptyTAG>
    <HideEmptyTAGSection>FALSE</HideEmptyTAGSection>
    <HideEmptyOutputBlock>TRUE</HideEmptyOutputBlock>
    <OutputFilteringCategory>
      <ocUnits>TRUE</ocUnits>
      <ocConstants>TRUE</ocConstants>
      <ocTypes>TRUE</ocTypes>
      <ocVariables>TRUE</ocVariables>
      <ocFunctions>TRUE</ocFunctions>
      <ocRecords>TRUE</ocRecords>
      <ocClasses>TRUE</ocClasses>
      <ocFields>TRUE</ocFields>
      <ocMethods>TRUE</ocMethods>
      <ocProperties>TRUE</ocProperties>
      <ocEvents>TRUE</ocEvents>
      <ocResourcestrings>FALSE</ocResourcestrings>
    </OutputFilteringCategory>
    <SkipFirstTAGLine>TRUE</SkipFirstTAGLine>
    <SkipLastTAGLine>TRUE</SkipLastTAGLine>
    <InLineJavaDocCharPrefix>47</InLineJavaDocCharPrefix>
    <CurlyJavaDocCharPrefix>42</CurlyJavaDocCharPrefix>
    <BracketStarJavaDocCharPrefix>42</BracketStarJavaDocCharPrefix>
    <FilesIncludeList>
      <Count>2</Count>
      <Item0>..\src\</Item0>
      <Item1>..\packages\delphi7\</Item1>
    </FilesIncludeList>
    <FilesExcludeList>
      <Count>0</Count>
    </FilesExcludeList>
    <AllowHtmlInDescription>TRUE</AllowHtmlInDescription>
    <PropertyCommentFromAssessors>TRUE</PropertyCommentFromAssessors>
    <DisplayHiddenItems>FALSE</DisplayHiddenItems>
    <MethodCommentFromAncestor>TRUE</MethodCommentFromAncestor>
    <CssConfiguration>ccInternal</CssConfiguration>
    <CssCustomFile/>
  </TDOCOptions>
</DelphiCodeToDoc_Project>
