<?xml version="1.0" encoding="iso-8859-1"?>

<!-- >e-novative> DocBook Environment (eDE)                                  -->
<!-- (c) 2002 e-novative GmbH, Munich, Germany                               -->
<!-- http://www.e-novative.de                                                -->

<!-- DocBook entities template                                               -->

<!-- This file is part of eDE                                                -->

<!-- eDE is free software; you can redistribute it and/or modify             -->
<!-- it under the terms of the GNU General Public License as published by    -->
<!-- the Free Software Foundation; either version 2 of the License, or       -->
<!-- (at your option) any later version.                                     -->

<!-- eDE is distributed in the hope that it will be useful,                  -->
<!-- but WITHOUT ANY WARRANTY; without even the implied warranty of          -->
<!-- MERCHANTABILITY or FITNESS FOR A PARTICULAR PURPOSE.  See the           -->
<!-- GNU General Public License for more details.                            -->

<!-- You should have received a copy of the GNU General Public License       -->
<!-- along with eDe; if not, write to the Free Software                   -->
<!-- Foundation, Inc., 59 Temple Place, Suite 330, Boston, MA 02111-1307 USA -->

<!ENTITY local_entity "local entity (defined per document)">
<!ENTITY glienke_tag "/<personname><othername>SG</othername></personname>/">
<!ENTITY duetting_tag "/<personname><othername>MD</othername></personname>/">
<!ENTITY seeger_tag "/<personname><othername>MS</othername></personname>/">
<!ENTITY daems_tag "/<personname><othername>MD</othername></personname>/">
<!ENTITY hartl_tag "/<personname><othername>HH</othername></personname>/">
<!ENTITY duenas_tag "/<personname><othername>FD</othername></personname>/">
<!ENTITY seroukhov_tag "/<personname><othername>SS</othername></personname>/">
<!ENTITY merkuriev_tag "/<personname><othername>SM</othername></personname>/">
<!ENTITY fegyverneki_tag "/<personname><othername>JF</othername></personname>/">
<!ENTITY dobrota_tag "/<personname><othername>DD</othername></personname>/">
<!ENTITY rafael_tag "/<personname><othername>RFC</othername></personname>/">
<!ENTITY cnliou_tag "/<personname><othername>CNL</othername></personname>/">

